,run_date,case_number,merchant_customer_id,account_name,astro_mkp,type_of_request,status,create_date,listing_complete_date,owner,integration_start_date,status_notes,handoff_date,merchant_rank,case_rank,encrypt_id,Key,SPOC
0,2022-12-30,1361699,69987108412.0,eCommeleon,DE,Technical Onboarding Request - New Seller,Completed,2022-10-07,2022-12-12,LAKSHMI PRATYUSHA VELAMAKANNI,2022-10-07,DSR,2022-10-07,1,1,A2KY7Y0YOQRSHP,A2KY7Y0YOQRSHPLAKSHMI PRATYUSHA VELAMAKANNI,
1,2022-12-30,1342945,34200132012.0,E-SS Shopping,DE,Technical Onboarding Request - New Seller,Completed,2022-08-03,2022-10-07,NIVEDITHA PARVATHA,2022-07-07,3PD case,2022-07-07,1,1,APLOW5UUA1HKX,APLOW5UUA1HKXNIVEDITHA PARVATHA,NIVEDITHA PARVATHA
2,2022-12-30,1114302,10633392825.0,PayJoe,DE,Technical Onboarding Request - New Seller,Completed,2021-09-06,2022-04-12,PRAKASH JHA,2021-09-06,3PD_INTEGRATOR_CID:AI6ACCAX77PSG,2021-07-01,1,1,AI6ACCAX77PSG,AI6ACCAX77PSGPRAKASH JHA,
4,2022-12-30,1349625,18018266925.0,boardfy,ES,Technical Onboarding Request - New Seller,Completed,2022-08-26,2022-10-21,PREMALATHA MADDIRALA,2022-08-26,3PD_INTEGRATOR,2022-08-26,1,1,A364S1T0UYKAXD,A364S1T0UYKAXDPREMALATHA MADDIRALA,PREMALATHA MADDIRALA
5,2022-12-30,1312971,70714258522.0,Love to Dream,AU,Technical Onboarding Request - New Seller,Completed,2022-04-20,2022-08-02,FARAH BHAGAT,2022-04-27,AU-DSR,2022-04-21,1,1,A105KJNNFT7U62,A105KJNNFT7U62FARAH BHAGAT,FARAH BHAGAT
6,2022-12-30,1342632,21355045412.0,Glew UK,UK,Technical Onboarding Request - New Seller,Completed,2022-08-02,2022-09-30,LAKSHMI PRATYUSHA VELAMAKANNI,2022-07-15,3PD_INTEGRATOR CID: AZ30V6GD3MG6N,2022-07-15,1,1,A24D9IKCZV9WKB,A24D9IKCZV9WKBLAKSHMI PRATYUSHA VELAMAKANNI,
7,2022-12-30,1363428,23857059912.0,ThinkInBeauty,ES,Technical Onboarding Request - New Seller,Completed,2022-10-13,2022-10-13,NIVEDITHA PARVATHA,2022-06-23,DSR case,2022-05-13,1,1,A1SOTMQHUPBHQ,A1SOTMQHUPBHQNIVEDITHA PARVATHA,
8,2022-12-30,1354715,816841412.0,Speed4Trade GmbH,DE,Technical Onboarding Request - New Seller,Completed,2022-09-13,2022-11-22,PREMALATHA MADDIRALA,2022-09-13,3PD_INTEGRATOR,2022-09-13,1,1,A1BL9XM5P9CDH0,A1BL9XM5P9CDH0PREMALATHA MADDIRALA,PREMALATHA MADDIRALA
9,2022-12-30,1325299,9473521225.0,Mobile and you,FR,Technical Onboarding Request - New Seller,Completed,2022-06-01,2022-09-09,FARAH BHAGAT,2022-06-22,DSR,2022-06-03,1,1,A16Z75QW75Q4DX,A16Z75QW75Q4DXFARAH BHAGAT,
10,2022-12-30,1310966,62405895712.0,ClubApparel,AE,Technical Onboarding Request - New Seller,Completed,2022-04-14,2022-11-03,FARAH BHAGAT,2022-05-20,AE-DSR,2022-04-20,1,1,AWYEV4Q0SFGUA,AWYEV4Q0SFGUAFARAH BHAGAT,FARAH BHAGAT
11,2022-12-30,1306264,7773313622.0,The Danny's,AU,Technical Onboarding Request - New Seller,Completed,2022-03-29,2022-05-16,FARAH BHAGAT,2022-01-20,SMART_CONNECT_AU,2022-01-20,1,1,A9K2P76IQRHDU,A9K2P76IQRHDUFARAH BHAGAT,
12,2022-12-30,1115824,4702979422.0,Computer Alliance Pty Ltd,AU,Technical Onboarding Request - New Seller,Completed,2021-09-14,2022-03-22,PREMALATHA MADDIRALA,2021-12-23,SMART_CONNECT_AU,2021-09-15,1,1,A38AJVY8K206M7,A38AJVY8K206M7PREMALATHA MADDIRALA,PREMALATHA MADDIRALA
13,2022-12-30,1315311,13654744125.0,GreenCellPro,PL,Technical Onboarding Request - Reintegration,Completed,2022-04-29,2022-09-22,LAKSHMI PRATYUSHA VELAMAKANNI,2022-05-13,PL_Integrator,2022-05-02,1,1,A154VOJZMH9IIB,A154VOJZMH9IIBLAKSHMI PRATYUSHA VELAMAKANNI,
14,2022-12-30,1279324,259159414112.0,M5AZN,SA,Technical Onboarding Request - New Seller,Completed,2022-03-02,2022-09-20,YASHWANT KOMATI,2022-07-30,DSR,2022-07-31,1,1,A3BLXRBPJF71JU,A3BLXRBPJF71JUYASHWANT KOMATI,
15,2022-12-30,1314227,19661334225.0,Weip,ES,Technical Onboarding Request - Reintegration,Completed,2022-04-26,2022-07-22,DILIP CHAVALI,2022-05-04,DSR,2022-04-27,1,1,A2NX936EFYV9VT,A2NX936EFYV9VTDILIP CHAVALI,DILIP CHAVALI
16,2022-12-30,1386884,792162761.0,FilmAmora,UK,Technical Onboarding Request - New Seller,Completed,2022-12-22,2022-12-15,YASHWANT KOMATI,2022-09-01,3PD_INTEGRATOR,2022-09-01,1,1,A1M2Q6YG132EYQ,A1M2Q6YG132EYQYASHWANT KOMATI,YASHWANT KOMATI
18,2022-12-30,1306735,377388715002.0,CABLEPELADO EEUU,US,Technical Onboarding Request - New Seller,Completed,2022-03-30,2022-06-28,PREMALATHA MADDIRALA,2022-04-04,DSR_MCID: A9DEKVHK1XMRT,2022-03-30,1,1,A31US4O2F26DPQ,A31US4O2F26DPQPREMALATHA MADDIRALA,PREMALATHA MADDIRALA
19,2022-12-30,1335197,286196268912.0,Daniks GmbH,US,Technical Onboarding Request - New Seller,Completed,2022-07-06,2022-07-15,YASHWANT KOMATI,2022-07-09,DSR,2022-07-09,1,1,A2KSB15A7GCS21,A2KSB15A7GCS21YASHWANT KOMATI,
20,2022-12-30,1324292,8447607535.0,Vendiro,DE,Technical Onboarding Request - New Seller,Completed,2022-05-30,2022-10-06,PREMALATHA MADDIRALA,2022-05-31,DSR_INTEGRATOR_NL-MCID-A350U7048YVI5X,2022-05-30,1,1,A1C4SIY0SGEHJ7,A1C4SIY0SGEHJ7PREMALATHA MADDIRALA,
21,2022-12-30,1279322,162204860212.0,PILLAR4,DE,Technical Onboarding Request - New Seller,Completed,2022-03-02,2022-07-26,INDRA TATIKONDA,2022-03-19,DSR,2022-03-19,1,1,A3MOOMV1STQOBQ,A3MOOMV1STQOBQINDRA TATIKONDA,
22,2022-12-30,1341058,17136347805.0,Crescodata,AU,Technical Onboarding Request - New Seller,Completed,2022-07-28,2022-09-15,FARAH BHAGAT,2022-07-28,3PD_INTEGRATION,2022-07-28,1,1,A38VJZCC4Z37EQ,A38VJZCC4Z37EQFARAH BHAGAT,
23,2022-12-30,1329538,20257016712.0,"Aura Home, Inc",UK,Technical Onboarding Request - New Seller,Completed,2022-06-16,2022-09-23,RAJARSHI CHATTERJEE,2022-06-17,DSR,2022-06-17,2,1,ALI4BNPFL5ISN,ALI4BNPFL5ISNRAJARSHI CHATTERJEE,
24,2022-12-30,1130610,163166811412.0,SMEUP,IT,Technical Onboarding Request - Reintegration,Completed,2021-11-25,2022-10-14,NIVEDITHA PARVATHA,2021-11-30,DSR_integrator,2021-11-26,1,1,A27TEU3YOJIMIL,A27TEU3YOJIMILNIVEDITHA PARVATHA,NIVEDITHA PARVATHA
25,2022-12-30,1352673,4822035122.0,BookFrenzy,AU,Technical Onboarding Request - Reintegration,Completed,2022-09-06,2022-11-08,LIPSA MOHANTY,2022-09-06,DSR,2022-09-06,1,1,A3E5WJW80X366V,A3E5WJW80X366VLIPSA MOHANTY,
26,2022-12-30,1309452,14811309112.0,Calledelregalo,ES,Technical Onboarding Request - New Seller,Completed,2022-04-08,2022-06-24,NIVEDITHA PARVATHA,2021-11-24,Paid case,2021-11-24,1,1,A3K14MTMXFDD1H,A3K14MTMXFDD1HNIVEDITHA PARVATHA,
27,2022-12-30,1348745,296631550012.0,Daewoo España,ES,Technical Onboarding Request - New Seller,Completed,2022-08-24,2022-12-26,PRAKASH JHA,2022-09-16,DSR,2022-08-30,1,1,A169KTRO88KTAZ,A169KTRO88KTAZPRAKASH JHA,
28,2022-12-30,1309291,285200399512.0,Ultralight Outdoor Gear,UK,Technical Onboarding Request - New Seller,Completed,2022-04-07,2022-06-25,YASHWANT KOMATI,2022-04-24,DSR,2022-04-12,1,1,AU6BORF8SRXG7,AU6BORF8SRXG7YASHWANT KOMATI,YASHWANT KOMATI
29,2022-12-30,1138786,15748792035.0,Kenners NL,DE,Technical Onboarding Request - New Seller,Completed,2022-01-07,2022-07-22,PREMALATHA MADDIRALA,2022-04-04,DSR,2022-01-24,1,1,AE9XWIQL6Y1PP,AE9XWIQL6Y1PPPREMALATHA MADDIRALA,
30,2022-12-30,1323769,26734295922.0,CombineSell Official Store,,Technical Onboarding Request - New Seller,Completed,2022-05-27,2022-12-22,PRAKASH JHA,2022-07-18,DSR integrator - SG,2022-05-27,1,1,A11FHG2K4NXOY0,A11FHG2K4NXOY0PRAKASH JHA,
31,2022-12-30,1133203,1268325702.0,BATI AVENUE,FR,Technical Onboarding Request - New Seller,Completed,2021-12-08,2022-05-17,PREMALATHA MADDIRALA,2021-12-22,APPSTORE_PUSH,2021-12-15,1,1,A2LZMZQ9DBT9X2,A2LZMZQ9DBT9X2PREMALATHA MADDIRALA,
32,2022-12-30,1386848,784182062.0,eSagu Test Shop,DE,Technical Onboarding Request - Reintegration,Completed,2022-12-22,2022-12-20,YASHWANT KOMATI,2022-09-01,3PD_INTEGRATOR,2022-09-01,1,1,A36ZK2676CMY20,A36ZK2676CMY20YASHWANT KOMATI,YASHWANT KOMATI
34,2022-12-30,1357440,702460482.0,MART24,UK,Technical Onboarding Request - New Seller,Completed,2022-09-22,2022-12-15,HARISH GANESAN,2022-09-23,DSR_INTEGRATOR,2022-09-22,1,1,A2KH30OJGWZ16Y,A2KH30OJGWZ16YHARISH GANESAN,HARISH GANESAN
35,2022-12-30,1253706,52126209022.0,MPM Global,AU,Technical Onboarding Request - New Seller,Completed,2022-01-27,2022-09-13,PREMALATHA MADDIRALA,2022-03-15,DSR_ INTEGRATOR _CID_A1HU8P02K6D4AW,2022-01-31,1,1,A1HU8P02K6D4AW,A1HU8P02K6D4AWPREMALATHA MADDIRALA,
36,2022-12-30,1343428,4171932622.0,Tempe Tyres,AU,Technical Onboarding Request - New Seller,Completed,2022-08-04,2022-09-14,LIPSA MOHANTY,2022-08-08,DSR,2022-08-08,1,1,A29JY6WLPCR27S,A29JY6WLPCR27SLIPSA MOHANTY,LIPSA MOHANTY
37,2022-12-30,1129738,103201641812.0,Pixartprinting,IT,Technical Onboarding Request - New Seller,Completed,2021-11-22,2022-08-12,INDRA TATIKONDA,2021-12-13,DSR,2021-12-02,1,1,A17DUNM4B0R1J8,A17DUNM4B0R1J8INDRA TATIKONDA,
39,2022-12-30,1342121,106934163.0,SquareTrade Ltd (UK),UK,Technical Onboarding Request - Reintegration,Completed,2022-08-01,2022-07-29,INDRA TATIKONDA,2022-04-26,Insurance_UK,2022-04-26,1,1,AISROPIK7BSFK,AISROPIK7BSFKINDRA TATIKONDA,INDRA TATIKONDA
40,2022-12-30,1354413,38932262405.0,Lucky Sign,DE,Technical Onboarding Request - New Seller,Completed,2022-09-12,2022-10-11,FARAH BHAGAT,2022-09-12,DSR_INTEGRATOR,2022-09-06,1,1,A2MD496QMDQD3T,A2MD496QMDQD3TFARAH BHAGAT,
41,2022-12-30,1335635,315277875612.0,OKufficio,IT,Technical Onboarding Request - New Seller,Completed,2022-07-07,2022-09-30,LIPSA MOHANTY,2022-07-08,DSR,2022-07-07,1,1,A2LLN6FOIDNUIJ,A2LLN6FOIDNUIJLIPSA MOHANTY,LIPSA MOHANTY
42,2022-12-30,1114310,62541484612.0,GPB-Development,DE,Technical Onboarding Request - New Seller,Completed,2021-09-06,2022-08-27,PRAKASH JHA,2021-09-13,3PD_INTEGRATOR _CID:AETJIZQPGKI55,2021-07-01,1,1,AETJIZQPGKI55,AETJIZQPGKI55PRAKASH JHA,PRAKASH JHA
43,2022-12-30,1275960,1117966663.0,Relaxdays,DE,Technical Onboarding Request - New Seller,Completed,2022-02-24,2022-05-12,NIVEDITHA PARVATHA,2022-03-03,DSR - SP-API Integration,2022-02-28,1,1,A2P2JN1SD7RV9V,A2P2JN1SD7RV9VNIVEDITHA PARVATHA,NIVEDITHA PARVATHA
44,2022-12-30,1365872,27839197812.0,Leon Design,UK,Technical Onboarding Request - New Seller,Completed,2022-10-21,2022-12-07,RAJARSHI CHATTERJEE,2022-10-26,DSR,2022-10-21,1,1,A3KMW8B1S1RIOH,A3KMW8B1S1RIOHRAJARSHI CHATTERJEE,RAJARSHI CHATTERJEE
47,2022-12-30,1333182,1199906422.0,Yeppon Italia,IT,Technical Onboarding Request - Reintegration,Completed,2022-06-29,2022-09-26,PREMALATHA MADDIRALA,2022-07-04,DSR,2022-07-02,1,1,A2D7NX4BNCP0J6,A2D7NX4BNCP0J6PREMALATHA MADDIRALA,PREMALATHA MADDIRALA
48,2022-12-30,1341971,33498216312.0,InfoShore,UK,Technical Onboarding Request - New Seller,Completed,2022-08-01,2022-08-01,FARAH BHAGAT,2022-02-15,3PD_Integrator,2022-02-15,1,1,A180Y7DKXL74QO,A180Y7DKXL74QOFARAH BHAGAT,FARAH BHAGAT
49,2022-12-30,1333780,51632955122.0,DM Dasher,SG,Technical Onboarding Request - New Seller,Completed,2022-06-30,2022-12-02,LIPSA MOHANTY,2022-07-01,DSR,2022-07-01,1,1,A32VL2PF2JLGTX,A32VL2PF2JLGTXLIPSA MOHANTY,LIPSA MOHANTY
50,2022-12-30,1119766,38397489712.0,To B To C,IT,Technical Onboarding Request - Reintegration,Completed,2021-10-05,2022-03-23,NIVEDITHA PARVATHA,2021-10-11,DSR case,2021-10-05,1,1,A26BPTIVQURTF4,A26BPTIVQURTF4NIVEDITHA PARVATHA,NIVEDITHA PARVATHA
51,2022-12-30,1306262,5392901322.0,Sello-Products,AU,Technical Onboarding Request - New Seller,Completed,2022-03-29,2022-04-04,YASHWANT KOMATI,2022-03-29,SMART_CONNECT_AU,2022-03-01,1,1,A4IBC1X76HVPJ,A4IBC1X76HVPJYASHWANT KOMATI,YASHWANT KOMATI
52,2022-12-30,1271150,1193020072.0,Comarch Cloud,DE,Technical Onboarding Request - New Seller,Completed,2022-02-07,2022-10-14,NIVEDITHA PARVATHA,2022-01-20,PL-Integrator,2022-01-20,1,1,A29FHHW4EYWKZF,A29FHHW4EYWKZFNIVEDITHA PARVATHA,
53,2022-12-30,1328769,23527331512.0,Myboeken-NL,UK,Technical Onboarding Request - New Seller,Completed,2022-06-14,2022-09-28,HARISH GANESAN,2022-06-17,DSR,2022-06-15,1,1,A2DSHOKGI3NQS5,A2DSHOKGI3NQS5HARISH GANESAN,
54,2022-12-30,1337213,497750032302.0,Giuseppe Zanotti,US,Technical Onboarding Request - New Seller,Completed,2022-07-13,2022-11-21,YASHWANT KOMATI,2022-07-20,BRAND_OWNER,2022-07-18,1,1,AP058T5SZVOSA,AP058T5SZVOSAYASHWANT KOMATI,
55,2022-12-30,1125423,10300313925.0,EMK Warenhandel GmbH,DE,Technical Onboarding Request - New Seller,Completed,2021-11-02,2022-03-07,DILIP CHAVALI,2021-12-07,DSR SP_API_INTEGRATION,2021-11-03,1,1,A29OET38HD6TL4,A29OET38HD6TL4DILIP CHAVALI,DILIP CHAVALI
56,2022-12-30,1338109,286757669012.0,FiloBlu | Hydrogen,IT,Technical Onboarding Request - New Seller,Completed,2022-07-18,2022-12-12,LAKSHMI PRATYUSHA VELAMAKANNI,2022-08-04,DSR_INTEGRATOR,2022-07-20,1,1,ABD719VQT3V3Q,ABD719VQT3V3QLAKSHMI PRATYUSHA VELAMAKANNI,LAKSHMI PRATYUSHA VELAMAKANNI
57,2022-12-30,1276392,7342745425.0,funbikes,UK,Technical Onboarding Request - Reintegration,Completed,2022-02-25,2022-07-01,PREMALATHA MADDIRALA,2022-03-29,DSR,2022-03-24,1,1,A3LET7JLZA3W8M,A3LET7JLZA3W8MPREMALATHA MADDIRALA,PREMALATHA MADDIRALA
58,2022-12-30,1356607,7913905322.0,Eiz Pty Ltd,AU,Technical Onboarding Request - New Seller,Completed,2022-09-19,2022-08-31,YASHWANT KOMATI,2022-07-25,DSR_INTEGRATOR_AES,2022-07-15,2,1,A2AAP1ZNM6SPO6,A2AAP1ZNM6SPO6YASHWANT KOMATI,YASHWANT KOMATI
59,2022-12-30,1351548,162521507012.0,BigNameProducts,UK,Technical Onboarding Request - New Seller,Completed,2022-09-02,2022-09-12,HIMANSHU DHAMI,2022-09-09,DSR,2022-09-06,1,1,A1Z8D3XI5286X3,A1Z8D3XI5286X3HIMANSHU DHAMI,HIMANSHU DHAMI
61,2022-12-30,1115619,17809842225.0,facilecomm,FR,Technical Onboarding Request - New Seller,Completed,2021-09-13,2022-05-11,PREMALATHA MADDIRALA,2021-09-13,3PD_INTEGRATOR,2021-09-09,1,1,A2QTI7RBYI0TSJ,A2QTI7RBYI0TSJPREMALATHA MADDIRALA,PREMALATHA MADDIRALA
62,2022-12-30,1307532,8755170725.0,Lampenwelt,DE,Technical Onboarding Request - New Seller,Completed,2022-04-01,2022-09-12,FARAH BHAGAT,2022-05-13,DSR,2022-04-06,1,1,A2EBO8IFI3PHDW,A2EBO8IFI3PHDWFARAH BHAGAT,
63,2022-12-30,1343563,184819580112.0,exitB GmbH,DE,Technical Onboarding Request - New Seller,Completed,2022-08-05,2022-08-05,PRAKASH JHA,2022-03-01,3PD_Integrator_CID_A3O1SPPVFKO786,2022-08-05,1,1,AJT3T741JTY50,AJT3T741JTY50PRAKASH JHA,
66,2022-12-30,1129667,188064802.0,iLikeStores,UK,Technical Onboarding Request - New Seller,Completed,2021-11-22,2022-07-07,NIVEDITHA PARVATHA,2021-12-01,DSR - SP_API New integration,2021-11-30,1,1,A35K9TQ5ML353X,A35K9TQ5ML353XNIVEDITHA PARVATHA,NIVEDITHA PARVATHA
67,2022-12-30,1354997,78045848422.0,Paula's Choice Singapore,SG,Technical Onboarding Request - New Seller,Completed,2022-09-14,2022-12-22,PRAKASH JHA,2022-09-14,DSR_SG,2022-09-15,1,1,AJOGNUDEXVIA6,AJOGNUDEXVIA6PRAKASH JHA,
69,2022-12-30,1299486,27509975022.0,Pet Lovers Centre,SG,Technical Onboarding Request - Reintegration,Completed,2022-03-07,2022-08-10,DILIP CHAVALI,2022-02-01,DSR,2022-03-07,1,1,A3H12QH1LWBW3W,A3H12QH1LWBW3WDILIP CHAVALI,DILIP CHAVALI
70,2022-12-30,1306253,5124765822.0,AUSWAY,AU,Technical Onboarding Request - New Seller,Completed,2022-03-29,2022-04-08,NIVEDITHA PARVATHA,2022-01-05,SMART_CONNECT_AU,2022-01-05,1,1,A3LPD6H7SGQ9C4,A3LPD6H7SGQ9C4NIVEDITHA PARVATHA,NIVEDITHA PARVATHA
71,2022-12-30,1315915,691253923.0,Component Shop,UK,Technical Onboarding Request - New Seller,Completed,2022-05-03,2022-10-31,YASHWANT KOMATI,2022-06-30,DSR_INTEGRATOR,2022-06-30,1,1,A1RBLI8BU7UB9Y,A1RBLI8BU7UB9YYASHWANT KOMATI,YASHWANT KOMATI
72,2022-12-30,1121525,15577205725.0,Smartie onestic,US,Technical Onboarding Request - New Seller,Completed,2021-10-13,2022-05-05,NIVEDITHA PARVATHA,2021-10-25,DSR_INTEGRATOR,2021-10-20,1,1,ATZHRMQEZT7PH,ATZHRMQEZT7PHNIVEDITHA PARVATHA,NIVEDITHA PARVATHA
73,2022-12-30,1126487,252335421712.0,Golf Division,UK,Technical Onboarding Request - New Seller,Completed,2021-11-08,2022-02-28,INDRA TATIKONDA,2021-12-13,DSR,2021-11-12,1,1,A31PEFUEEV6PSJ,A31PEFUEEV6PSJINDRA TATIKONDA,
74,2022-12-30,1342961,37158712.0,starsellersworld,UK,Technical Onboarding Request - New Seller,Completed,2022-08-03,2022-09-30,LAKSHMI PRATYUSHA VELAMAKANNI,2022-08-04,DSR_Integrator CID : AHUWQFX6A5A7A,2022-07-11,1,1,AHUWQFX6A5A7A,AHUWQFX6A5A7ALAKSHMI PRATYUSHA VELAMAKANNI,LAKSHMI PRATYUSHA VELAMAKANNI
75,2022-12-30,1355074,288214700412.0,24sevencommerce,IN,Technical Onboarding Request - New Seller,Completed,2022-09-14,2022-07-31,YASHWANT KOMATI,2022-05-01,3PD_INTEGRATOR,2022-06-01,1,1,A45WGWJYWNE5C,A45WGWJYWNE5CYASHWANT KOMATI,YASHWANT KOMATI
76,2022-12-30,1335247,286464572812.0,Farmacia San Vito SNC,IT,Technical Onboarding Request - New Seller,Completed,2022-07-06,2022-10-11,PRAKASH JHA,2022-07-14,DSR,2022-07-08,1,1,A10Y5PEYA9LW1E,A10Y5PEYA9LW1EPRAKASH JHA,
77,2022-12-30,1333997,216907575412.0,James and James Fulfilment Ltd,UK,Technical Onboarding Request - New Seller,Completed,2022-07-01,2022-09-15,PREMALATHA MADDIRALA,2022-03-09,3PD_INTEGRATOR,2022-03-09,1,1,A31RBRCMSSH01S,A31RBRCMSSH01SPREMALATHA MADDIRALA,
78,2022-12-30,1121034,171342460812.0,Taking Shape UK,UK,Technical Onboarding Request - New Seller,Completed,2021-10-11,2022-05-11,PREMALATHA MADDIRALA,2021-11-19,APPSTORE_PUSH,2021-10-12,1,1,ANA8CYU1L7S3O,ANA8CYU1L7S3OPREMALATHA MADDIRALA,
80,2022-12-30,1313910,61543876612.0,IDEA commerce solutions LTD,UK,Technical Onboarding Request - Reintegration,Completed,2022-04-25,2022-07-20,PREMALATHA MADDIRALA,2022-05-04,DSR_INTEGRATOR_PL,2022-04-25,1,1,A24EU5R6LZP9WR,A24EU5R6LZP9WRPREMALATHA MADDIRALA,PREMALATHA MADDIRALA
81,2022-12-30,1322806,299145257012.0,VetnPetMeds,UK,Technical Onboarding Request - New Seller,Completed,2022-05-24,2022-08-01,PREMALATHA MADDIRALA,2022-06-16,APPSTORE_PUSH,2022-05-24,1,1,A20THV727AB6WR,A20THV727AB6WRPREMALATHA MADDIRALA,
82,2022-12-30,1341484,5201275422.0,digiDirect,AU,Technical Onboarding Request - Reintegration,Completed,2022-07-29,2022-11-11,KEZIA IDIKKULA MUTHALALY,2022-08-08,DSR_INTEGRATOR,2022-08-01,1,1,A1PKQVF8702H8E,A1PKQVF8702H8EKEZIA IDIKKULA MUTHALALY,
83,2022-12-30,1349531,69005117122.0,PRISM+,AU,Technical Onboarding Request - New Seller,Completed,2022-08-26,2022-11-17,LIPSA MOHANTY,2022-08-31,DSR,2022-08-30,1,1,A17Z6OYDMF2V9K,A17Z6OYDMF2V9KLIPSA MOHANTY,LIPSA MOHANTY
84,2022-12-30,1339407,1589260551.0,Spreetail,US,Technical Onboarding Request - Reintegration,Completed,2022-07-22,2022-05-01,INDRA TATIKONDA,2022-03-03,DSR,2022-03-01,1,1,A1DXN92KCKEQV4,A1DXN92KCKEQV4INDRA TATIKONDA,
85,2022-12-30,1350688,22016827722.0,Research Driven Retail,AU,Technical Onboarding Request - New Seller,Completed,2022-08-30,2022-07-29,RAJARSHI CHATTERJEE,2022-07-25,GLOBAL_DSR,2022-06-29,1,1,A3JJYEDMIUE6J8,A3JJYEDMIUE6J8RAJARSHI CHATTERJEE,
86,2022-12-30,1315536,15062273925.0,Wolford Official,DE,Technical Onboarding Request - New Seller,Completed,2022-05-02,2022-06-10,YASHWANT KOMATI,2022-05-09,DSR,2022-05-07,2,1,AQ59IEXQVAO35,AQ59IEXQVAO35YASHWANT KOMATI,YASHWANT KOMATI
87,2022-12-30,1129915,23255434512.0,Monoprix,FR,Technical Onboarding Request - Reintegration,Completed,2021-11-23,2022-07-19,INDRA TATIKONDA,2021-12-06,F3_FR_MCID- A39IAEDNN88TCS,2021-11-29,1,1,A3V2YRID8WCF50,A3V2YRID8WCF50INDRA TATIKONDA,
89,2022-12-30,1339438,4693480022.0,Artiss Furnishings,AU,Technical Onboarding Request - New Seller,Completed,2022-07-22,2022-05-16,FARAH BHAGAT,2021-10-18,SMART_CONNECT_AU,2021-10-18,1,1,A2HTZW3QXAOFKJ,A2HTZW3QXAOFKJFARAH BHAGAT,FARAH BHAGAT
90,2022-12-30,1325073,279718361812.0,GRADE MOBILE EU,UK,Technical Onboarding Request - New Seller,Completed,2022-06-01,2022-07-04,HARISH GANESAN,2022-06-01,DSR,2022-06-01,1,1,AZ18R5IR8K0S4,AZ18R5IR8K0S4HARISH GANESAN,
91,2022-12-30,1140017,54338332112.0,Danube Home,AE,Technical Onboarding Request - New Seller,Completed,2022-01-13,2022-09-06,FARAH BHAGAT,2022-05-12,DSR,2022-04-20,1,1,A2XXLIAGF5WNT5,A2XXLIAGF5WNT5FARAH BHAGAT,
92,2022-12-30,1110692,714883472.0,AOSOM-DE,DE,Technical Onboarding Request - New Seller,Completed,2021-08-17,2022-08-08,INDRA TATIKONDA,2021-08-23,SMART_CONNECT_EU,2021-08-23,1,1,ASA5WXWTY79KU,ASA5WXWTY79KUINDRA TATIKONDA,
93,2022-12-30,1342951,16031703325.0,taxdoo,DE,Technical Onboarding Request - New Seller,Completed,2022-08-03,2022-07-30,YASHWANT KOMATI,2022-06-30,3PD_INTEGRATOR,2022-06-30,1,1,A3KQQV48BUTIJM,A3KQQV48BUTIJMYASHWANT KOMATI,YASHWANT KOMATI
94,2022-12-30,1386921,25902174605.0,Feedbiz,US,Technical Onboarding Request - New Seller,Completed,2022-12-22,2022-12-10,YASHWANT KOMATI,2022-09-01,DSR_INTEGRATOR_AES,2022-09-01,1,1,A12TSOGZWIJ0IM,A12TSOGZWIJ0IMYASHWANT KOMATI,
95,2022-12-30,1309500,292328554212.0,Festina Group Official,ES,Technical Onboarding Request - New Seller,Completed,2022-04-08,2022-11-28,PRAKASH JHA,2022-05-30,DSR_CID_A3QR4QDIY50JB4,2022-04-12,1,1,A3QR4QDIY50JB4,A3QR4QDIY50JB4PRAKASH JHA,PRAKASH JHA
97,2022-12-30,1364353,182742570812.0,MaxICT,NL,Technical Onboarding Request - New Seller,Completed,2022-10-17,2022-12-16,RAJARSHI CHATTERJEE,2022-10-26,DSR,2022-10-18,1,1,A1MOJW3D9SW12W,A1MOJW3D9SW12WRAJARSHI CHATTERJEE,RAJARSHI CHATTERJEE
98,2022-12-30,1341169,44798743912.0,byrd technologies,DE,Technical Onboarding Request - New Seller,Completed,2022-07-28,2022-09-05,HARISH GANESAN,2022-07-28,3PD_INTEGRATOR,2022-07-13,1,1,A2CWJFW1FBTT4V,A2CWJFW1FBTT4VHARISH GANESAN,HARISH GANESAN
99,2022-12-30,1358409,150904514912.0,Skechers Türkiye,TR,Technical Onboarding Request - New Seller,Completed,2022-09-26,2022-11-10,INDRA TATIKONDA,2022-10-07,TR Private_Developer,2022-09-28,1,1,A2EZLNRTNZW2O3,A2EZLNRTNZW2O3INDRA TATIKONDA,INDRA TATIKONDA
100,2022-12-30,1325687,1115005042.0,Easynotebooks,DE,Technical Onboarding Request - Reintegration,Completed,2022-06-03,2022-10-06,DILIP CHAVALI,2022-06-03,DSR _ MWS_TO_SP_API_MIGRATION,2022-06-03,1,1,A1JKW2YIU3CC6S,A1JKW2YIU3CC6SDILIP CHAVALI,
101,2022-12-30,1312393,11490388925.0,Krack,ES,Technical Onboarding Request - Reintegration,Completed,2022-04-20,2022-08-10,LIPSA MOHANTY,2022-05-13,DSR,2022-04-21,1,1,A29BE4Y4OUBJPF,A29BE4Y4OUBJPFLIPSA MOHANTY,
102,2022-12-30,1336552,311514760512.0,FERRY JEANS,UK,Technical Onboarding Request - New Seller,Completed,2022-07-11,2022-12-13,LAKSHMI PRATYUSHA VELAMAKANNI,2022-07-20,DSR,2022-07-20,1,1,AN5IVCFJLYMA,AN5IVCFJLYMALAKSHMI PRATYUSHA VELAMAKANNI,
103,2022-12-30,1304758,1063626112.0,HOME TREATS,UK,Technical Onboarding Request - New Seller,Completed,2022-03-23,2022-06-14,DILIP CHAVALI,2022-03-28,SP_API_INTEGRATION,2022-03-28,1,1,AXVAPZMMBZ63B,AXVAPZMMBZ63BDILIP CHAVALI,DILIP CHAVALI
104,2022-12-30,1338093,984152812.0,Compte Test Neteven,FR,Technical Onboarding Request - New Seller,Completed,2022-07-18,2022-12-01,DILIP CHAVALI,2022-07-18,"3PD_INTEGRATOR, CID: A2B3ONL0KC4PLW",2022-07-15,1,1,AQJVXQOLHW4PH,AQJVXQOLHW4PHDILIP CHAVALI,DILIP CHAVALI
105,2022-12-30,1128433,9330230235.0,ChannelEngine,DE,Technical Onboarding Request - New Seller,Completed,2021-11-17,2022-12-01,NIVEDITHA PARVATHA,2021-11-01,3PD case,2021-11-01,1,1,A2Z2ULB6OD14GC,A2Z2ULB6OD14GCNIVEDITHA PARVATHA,NIVEDITHA PARVATHA
107,2022-12-30,1100782,27509975022.0,Pet Lovers Centre,SG,Technical Onboarding Request - New Seller,Completed,2021-06-22,2022-03-07,DILIP CHAVALI,2021-07-01,DSR  SP_API_INTEGRATION,2021-06-30,2,1,A3H12QH1LWBW3W,A3H12QH1LWBW3WDILIP CHAVALI,DILIP CHAVALI
108,2022-12-30,1350530,20884232112.0,Eurasia Inter SL,UK,Technical Onboarding Request - New Seller,Completed,2022-08-30,2022-11-28,HARISH GANESAN,2022-09-07,DSR,2022-08-31,1,1,A3GAMOF582JQBV,A3GAMOF582JQBVHARISH GANESAN,
111,2022-12-30,1338772,396072952.0,Mauve Mailorder,DE,Technical Onboarding Request - New Seller,Completed,2022-07-20,2022-10-18,DILIP CHAVALI,2022-07-20,3PD_INTEGRATOR,2022-07-18,1,1,A1ZX7YN7F2XSM6,A1ZX7YN7F2XSM6DILIP CHAVALI,DILIP CHAVALI
112,2022-12-30,1342930,9136695425.0,ExpandlyUK,UK,Technical Onboarding Request - Reintegration,Completed,2022-08-03,2022-08-29,PRAKASH JHA,2022-01-07,3PD_Integrator,2022-04-01,1,1,A143JAV8WHUBX,A143JAV8WHUBXPRAKASH JHA,PRAKASH JHA
113,2022-12-30,1321176,443847272302.0,KNIPEX Tools,AE,Technical Onboarding Request - New Seller,Completed,2022-05-18,2022-08-04,KEZIA IDIKKULA MUTHALALY,2022-05-27,DSR,2022-05-19,1,1,A2Q54YPEF6MTOW,A2Q54YPEF6MTOWKEZIA IDIKKULA MUTHALALY,
114,2022-12-30,1110650,1102299702.0,FurnitureOnline,UK,Technical Onboarding Request - New Seller,Completed,2021-08-17,2022-08-08,FARAH BHAGAT,2021-08-18,SMART_CONNECT_EU,2021-08-17,1,1,A1TYU369W0JU6U,A1TYU369W0JU6UFARAH BHAGAT,
116,2022-12-30,1335195,22900860812.0,LatestBuy AU,UK,Technical Onboarding Request - New Seller,Completed,2022-07-06,2022-11-28,PREMALATHA MADDIRALA,2022-07-01,DSR,2022-06-20,1,1,A1MXVDXE3UMBJR,A1MXVDXE3UMBJRPREMALATHA MADDIRALA,PREMALATHA MADDIRALA
117,2022-12-30,1117317,23030061112.0,Vescati Limited,UK,Technical Onboarding Request - New Seller,Completed,2021-09-22,2022-07-29,NIVEDITHA PARVATHA,2021-09-16,3PD integrator,2021-09-16,1,1,A1TD5N0LORVADX,A1TD5N0LORVADXNIVEDITHA PARVATHA,NIVEDITHA PARVATHA
118,2022-12-30,1309457,28066137512.0,Mary&Paul,DE,Technical Onboarding Request - New Seller,Completed,2022-04-08,2022-04-19,NIVEDITHA PARVATHA,2021-11-10,Paid,2021-11-10,1,1,A10JP0TTNGV4JH,A10JP0TTNGV4JHNIVEDITHA PARVATHA,
119,2022-12-30,1118009,58022167.0,"Body, Mind & Soul",UK,Technical Onboarding Request - Reintegration,Completed,2021-09-27,2022-03-15,YASHWANT KOMATI,2021-10-26,DSR,2021-10-04,1,1,A3FKGX6PQQUP7Q,A3FKGX6PQQUP7QYASHWANT KOMATI,
120,2022-12-30,1342113,74204928512.0,Volo  Commerce,UK,Technical Onboarding Request - Reintegration,Completed,2022-08-01,2022-07-29,INDRA TATIKONDA,2022-01-06,3PD_Integrator,2022-01-06,1,1,AZCR3E1XCGIP2,AZCR3E1XCGIP2INDRA TATIKONDA,
121,2022-12-30,1351110,307112578112.0,EndorTech EU,ES,Technical Onboarding Request - New Seller,Completed,2022-09-01,2022-08-29,DILIP CHAVALI,2022-08-16,DSR SP_API_INTEGRATION_parity,2022-08-16,1,1,ALXOYAE04NH2I,ALXOYAE04NH2IDILIP CHAVALI,
122,2022-12-30,1132675,59084308212.0,iHaveit Music,UK,Technical Onboarding Request - New Seller,Completed,2021-12-06,2022-05-06,DILIP CHAVALI,2021-12-21,"DSR - SP_API_INTEGRATION, VCS, APPSTORE_PUSH",2021-12-15,1,1,APOS95OD034HF,APOS95OD034HFDILIP CHAVALI,DILIP CHAVALI
124,2022-12-30,1272310,17722146112.0,Grade Mobile,UK,Technical Onboarding Request - New Seller,Completed,2022-02-11,2022-07-01,YASHWANT KOMATI,2022-04-04,DSR,2022-02-14,1,1,A3PQ6QVFXFGQ01,A3PQ6QVFXFGQ01YASHWANT KOMATI,YASHWANT KOMATI
125,2022-12-30,1370873,266713090012.0,Shoes for Crews,DE,Technical Onboarding Request - New Seller,Completed,2022-10-31,2022-12-16,RAJARSHI CHATTERJEE,2022-11-02,DSR,2022-11-01,1,1,A389QMNY6O5YO3,A389QMNY6O5YO3RAJARSHI CHATTERJEE,RAJARSHI CHATTERJEE
128,2022-12-30,1117945,243929000612.0,RedicomDeveloper,ES,Technical Onboarding Request - New Seller,Completed,2021-09-27,2022-04-12,PRAKASH JHA,2021-09-28,DSR_Integrator_CID_A1TXZVE8ARI3VE,2021-09-27,1,1,A2OMZZIEIV1E43,A2OMZZIEIV1E43PRAKASH JHA,PRAKASH JHA
129,2022-12-30,1339478,243772798012.0,Priceloop,DE,Technical Onboarding Request - New Seller,Completed,2022-07-22,2022-08-31,FARAH BHAGAT,2022-07-25,DSR_INTEGRATOR_NL,2022-07-25,1,1,A3OX9YD5AG26DE,A3OX9YD5AG26DEFARAH BHAGAT,FARAH BHAGAT
130,2022-12-30,1386930,6853180515.0,Intelligent Reach MWS Test,US,Technical Onboarding Request - New Seller,Completed,2022-12-22,2022-12-10,YASHWANT KOMATI,2022-09-01,DSR_INTEGRATOR_AES,2022-09-01,1,1,A19ZT8VXWXDU3B,A19ZT8VXWXDU3BYASHWANT KOMATI,
131,2022-12-30,1129624,70655247112.0,Wilko,UK,Technical Onboarding Request - New Seller,Completed,2021-11-22,2022-03-31,YASHWANT KOMATI,2021-12-07,DSR,2021-11-24,1,1,A2I72QKJSAQX9K,A2I72QKJSAQX9KYASHWANT KOMATI,
132,2022-12-30,1120060,20295776312.0,Meditua it,IT,Technical Onboarding Request - Reintegration,Completed,2021-10-06,2022-05-11,PREMALATHA MADDIRALA,2021-10-27,ESM_LEADS,2021-10-07,1,1,A31IONLEBUINGI,A31IONLEBUINGIPREMALATHA MADDIRALA,
135,2022-12-30,1371919,844656012.0,Novello,UK,Technical Onboarding Request - New Seller,Completed,2022-11-03,2022-12-05,RAJARSHI CHATTERJEE,2022-11-07,DSR,2022-11-04,1,1,A3APCY1X7806YV,A3APCY1X7806YVRAJARSHI CHATTERJEE,RAJARSHI CHATTERJEE
136,2022-12-30,1341052,15771052505.0,"Skubana, LLC",CA,Technical Onboarding Request - New Seller,Completed,2022-07-28,2022-09-19,FARAH BHAGAT,2022-07-28,3PD_INTEGRATOR--Developer CID : 11332090115,2022-07-28,1,1,APQM758CJAG4D,APQM758CJAG4DFARAH BHAGAT,
137,2022-12-30,1332010,103909577912.0,Kärcher EU,DE,Technical Onboarding Request - New Seller,Completed,2022-06-24,2022-10-11,KEZIA IDIKKULA MUTHALALY,2022-07-01,3PD,2022-06-28,1,1,A28W8HYHMDKEI4,A28W8HYHMDKEI4KEZIA IDIKKULA MUTHALALY,
138,2022-12-30,1141194,246082158912.0,BUY SUPPLY ME,AE,Technical Onboarding Request - New Seller,Completed,2022-01-18,2022-08-03,YASHWANT KOMATI,2022-06-09,DSR,2022-06-08,1,1,A3T1IFU519P17G,A3T1IFU519P17GYASHWANT KOMATI,
139,2022-12-30,1313933,1202309402.0,Platinum Home and Garden,UK,Technical Onboarding Request - New Seller,Completed,2022-04-25,2022-08-08,INDRA TATIKONDA,2022-06-17,SMART_CONNECT_EU,2022-05-25,1,1,A13QUNZ6KFYOTG,A13QUNZ6KFYOTGINDRA TATIKONDA,INDRA TATIKONDA
140,2022-12-30,1344959,462393802.0,Aromhuset of Sweden,UK,Technical Onboarding Request - New Seller,Completed,2022-08-10,2022-10-07,PRAKASH JHA,2022-09-07,DSR_SE,2022-08-11,1,1,A1RJXMQDR40EWK,A1RJXMQDR40EWKPRAKASH JHA,
141,2022-12-30,1386898,4090249722.0,Costumes Australia,AU,Technical Onboarding Request - New Seller,Completed,2022-12-22,2022-12-10,YASHWANT KOMATI,2022-09-18,3PD_INTEGRATOR,2022-09-18,1,1,A2VQW1R9M165UW,A2VQW1R9M165UWYASHWANT KOMATI,
142,2022-12-30,1118422,243490047612.0,ALZURA Connect DE,DE,Technical Onboarding Request - New Seller,Completed,2021-09-29,2022-03-31,YASHWANT KOMATI,2021-10-12,DSR_INTEGRATOR,2021-10-04,2,1,A3PGSRPIY7PPUO,A3PGSRPIY7PPUOYASHWANT KOMATI,YASHWANT KOMATI
143,2022-12-30,1275914,23290288512.0,Emil Lux GmbH & Co. KG,DE,Technical Onboarding Request - New Seller,Completed,2022-02-24,2022-06-06,DILIP CHAVALI,2022-03-07,DSR MWS_TO_SP_API_MIGRATION,2022-03-02,1,1,A3U0LDUHU276Z5,A3U0LDUHU276Z5DILIP CHAVALI,DILIP CHAVALI
144,2022-12-30,1350794,6355388822.0,MegaBoutique,AU,Technical Onboarding Request - New Seller,Completed,2022-08-31,2022-12-23,PRAKASH JHA,2022-08-31,SMART_CONNECT_AU,2022-09-08,1,1,A36CU8R6LRQ8N4,A36CU8R6LRQ8N4PRAKASH JHA,PRAKASH JHA
145,2022-12-30,1118414,242570216012.0,Delta Cafés España,ES,Technical Onboarding Request - New Seller,Completed,2021-09-29,2022-06-01,INDRA TATIKONDA,2021-10-07,DSR,2021-10-04,2,1,AC8UET6E0XJRJ,AC8UET6E0XJRJINDRA TATIKONDA,
146,2022-12-30,1350469,320618842812.0,KikkaBoo España S.L.,ES,Technical Onboarding Request - New Seller,Completed,2022-08-30,2022-11-02,RAJARSHI CHATTERJEE,2022-09-07,DSR,2022-08-31,1,1,AZ4HITSIG7549,AZ4HITSIG7549RAJARSHI CHATTERJEE,
147,2022-12-30,1309475,860069872.0,Aosom fr,FR,Technical Onboarding Request - New Seller,Completed,2022-04-08,2022-07-19,NIVEDITHA PARVATHA,2022-02-17,Paid Case,2022-02-17,1,1,A3UO6VUDOSAD6E,A3UO6VUDOSAD6ENIVEDITHA PARVATHA,NIVEDITHA PARVATHA
148,2022-12-30,1315944,288535174612.0,CHANNEL21,DE,Technical Onboarding Request - New Seller,Completed,2022-05-03,2022-08-26,HARISH GANESAN,2022-05-11,DSR,2022-05-06,1,1,AZLJVB9NL4G5U,AZLJVB9NL4G5UHARISH GANESAN,HARISH GANESAN
149,2022-12-30,1312025,743557152.0,MHSTAR,UK,Technical Onboarding Request - New Seller,Completed,2022-04-19,2022-08-08,INDRA TATIKONDA,2022-07-22,SMART_CONNECT_EU,2022-05-02,1,1,AHAENQTW89XP0,AHAENQTW89XP0INDRA TATIKONDA,
150,2022-12-30,1102439,400159073.0,DO NOT BUY - TESTING ACCOUNT,UK,Technical Onboarding Request - New Seller,Completed,2021-06-30,2022-05-10,INDRA TATIKONDA,2021-06-04,3PD Integrator -349112101,2021-06-04,1,1,AGOQYD533TFWC,AGOQYD533TFWCINDRA TATIKONDA,
151,2022-12-30,1276170,153087473612.0,Sharaf DG LLC,AE,Technical Onboarding Request - Reintegration,Completed,2022-02-25,2022-04-13,DILIP CHAVALI,2022-02-03,SP_API_INTEGRATION,2022-02-03,1,1,AVUV49UF44JUE,AVUV49UF44JUEDILIP CHAVALI,
152,2022-12-30,1302574,185775265812.0,Macca Store,ES,Technical Onboarding Request - New Seller,Completed,2022-03-16,2022-10-13,NIVEDITHA PARVATHA,2022-02-16,DSR case,2022-02-16,1,1,A27F7HES0BZXOT,A27F7HES0BZXOTNIVEDITHA PARVATHA,NIVEDITHA PARVATHA
153,2022-12-30,1324431,155123278512.0,Clever Concept,ES,Technical Onboarding Request - New Seller,Completed,2022-05-30,2022-08-08,HARISH GANESAN,2022-06-22,DSR,2022-06-06,1,1,A2OZ2H3O8AC34J,A2OZ2H3O8AC34JHARISH GANESAN,
154,2022-12-30,1342964,32802665212.0,Coolbax,DE,Technical Onboarding Request - New Seller,Completed,2022-08-03,2022-12-01,NIVEDITHA PARVATHA,2022-07-14,3PD_integrator,2022-07-07,1,1,AN8GO6K7CQ7ST,AN8GO6K7CQ7STNIVEDITHA PARVATHA,
155,2022-12-30,1337742,1149865762.0,ASIMsrl,IT,Technical Onboarding Request - New Seller,Completed,2022-07-15,2022-10-14,DILIP CHAVALI,2022-08-09,DSR,2022-08-01,1,1,A3S9K44UGCSNVF,A3S9K44UGCSNVFDILIP CHAVALI,DILIP CHAVALI
156,2022-12-30,1237308,98658279012.0,Fondazione AIRC,IT,Technical Onboarding Request - New Seller,Completed,2022-01-24,2022-05-27,PRAKASH JHA,2022-02-01,DSR,2022-01-27,1,1,A3IDIF88NVPIDJ,A3IDIF88NVPIDJPRAKASH JHA,PRAKASH JHA
157,2022-12-30,1342942,237461822612.0,E-Tailize,NL,Technical Onboarding Request - Reintegration,Completed,2022-08-03,2022-07-20,YASHWANT KOMATI,2022-06-01,3PD_INTEGRATOR,2022-06-01,1,1,A27OH5FTYU6JQY,A27OH5FTYU6JQYYASHWANT KOMATI,YASHWANT KOMATI
159,2022-12-30,1323770,21222343825.0,Multi-channel Integration Platform,ES,Technical Onboarding Request - New Seller,Completed,2022-05-27,2022-09-08,PREMALATHA MADDIRALA,2022-05-27,3PD_INTEGRATOR,2022-05-27,1,1,A3ARABZOCIS594,A3ARABZOCIS594PREMALATHA MADDIRALA,PREMALATHA MADDIRALA
160,2022-12-30,1111776,179497525512.0,Ifesan,ES,Technical Onboarding Request - New Seller,Completed,2021-08-23,2022-05-05,NIVEDITHA PARVATHA,2021-09-06,DSR case,2021-09-03,1,1,A27EYG9R1XEC2J,A27EYG9R1XEC2JNIVEDITHA PARVATHA,NIVEDITHA PARVATHA
161,2022-12-30,1339436,4515957622.0,KGElectronic,AU,Technical Onboarding Request - New Seller,Completed,2022-07-22,2022-05-16,FARAH BHAGAT,2022-04-04,SMART_CONNECT_AU,2022-04-04,1,1,A39FA9TCISP5QP,A39FA9TCISP5QPFARAH BHAGAT,
163,2022-12-30,1339418,40593814212.0,ERGO Direkt AG,UK,Technical Onboarding Request - New Seller,Completed,2022-07-22,2022-07-22,INDRA TATIKONDA,2022-02-22,Insurance_IT_ES,2022-02-22,1,1,A23LFKWJ5HHDUU,A23LFKWJ5HHDUUINDRA TATIKONDA,INDRA TATIKONDA
164,2022-12-30,1305953,13331956022.0,Green Gadgets Australia,AU,Technical Onboarding Request - New Seller,Completed,2022-03-28,2022-06-14,PREMALATHA MADDIRALA,2022-03-21,SMART_CONNECT_AU,2022-03-14,1,1,A1CY6UTERVU883,A1CY6UTERVU883PREMALATHA MADDIRALA,
165,2022-12-30,1364940,359385196812.0,FalloBrico,IT,Technical Onboarding Request - New Seller,Completed,2022-10-18,2022-11-15,HARISH GANESAN,2022-10-20,APPSTORE_PUSH,2022-10-20,1,1,A3MVSN9DOF62CH,A3MVSN9DOF62CHHARISH GANESAN,
166,2022-12-30,1271123,34910335512.0,Baselinker,UK,Technical Onboarding Request - New Seller,Completed,2022-02-07,2022-07-26,PRAKASH JHA,2022-03-31,DSR-INTEGRATOR_PL_CID_A3RHX4V11Z5OBO,2022-02-09,1,1,A2Q82BE0LV1U0E,A2Q82BE0LV1U0EPRAKASH JHA,PRAKASH JHA
167,2022-12-30,1316652,212125295112.0,Olimpia Home,IT,Technical Onboarding Request - New Seller,Completed,2022-05-06,2022-09-02,LAKSHMI PRATYUSHA VELAMAKANNI,2022-05-13,DSR,2022-05-09,1,1,A5FXK1AXYB2LX,A5FXK1AXYB2LXLAKSHMI PRATYUSHA VELAMAKANNI,
169,2022-12-30,1315253,1266163052.0,SmartFoneStore,UK,Technical Onboarding Request - New Seller,Completed,2022-04-29,2022-12-15,NIVEDITHA PARVATHA,2022-07-21,DSR case,2022-05-02,2,1,A1VXXY7OJ6MSKE,A1VXXY7OJ6MSKENIVEDITHA PARVATHA,NIVEDITHA PARVATHA
170,2022-12-30,1331126,75102909822.0,PrismPlus Official Store,SG,Technical Onboarding Request - New Seller,Completed,2022-06-22,2022-11-04,FARAH BHAGAT,2022-08-08,SG-DSR,2022-06-22,1,1,A1SO0Y3HK4GF84,A1SO0Y3HK4GF84FARAH BHAGAT,FARAH BHAGAT
171,2022-12-30,1122694,1198767602.0,Brightpearl,UK,Technical Onboarding Request - New Seller,Completed,2021-10-19,2022-06-17,PREMALATHA MADDIRALA,2021-10-19,3PD_INTEGRATOR - MCID SUPPORTED - APPI8HH21712J,2021-10-19,1,1,A1UA8P9TB8SFLK,A1UA8P9TB8SFLKPREMALATHA MADDIRALA,
172,2022-12-30,1377273,566851241402.0,Rituals Cosmetics B.V.,NL,Technical Onboarding Request - New Seller,Completed,2022-11-18,2022-12-16,RAJARSHI CHATTERJEE,2022-12-06,DSR,2022-11-24,1,1,A3LKRB20E0MSP2,A3LKRB20E0MSP2RAJARSHI CHATTERJEE,
173,2022-12-30,1122955,21121362312.0,teknoraks,TR,Technical Onboarding Request - Reintegration,Completed,2021-10-20,2022-03-29,PREMALATHA MADDIRALA,2021-11-01,DSR,2021-10-27,1,1,AQ2F9CMGC0UJS,AQ2F9CMGC0UJSPREMALATHA MADDIRALA,PREMALATHA MADDIRALA
174,2022-12-30,1275148,181583422112.0,Co-op,UK,Technical Onboarding Request - New Seller,Completed,2022-02-22,2022-05-13,DILIP CHAVALI,2022-03-14,SP_API_INTEGRATION,2022-02-23,1,1,A6IY2NN7781MD,A6IY2NN7781MDDILIP CHAVALI,
175,2022-12-30,1134941,26398415612.0,MeCommerce,UK,Technical Onboarding Request - Reintegration,Completed,2021-12-16,2022-05-13,DILIP CHAVALI,2021-09-21,"3PD_INTEGRATOR, CID: AKKS7KQMBA3LL",2021-09-21,1,1,A1JV50RNL3SEIQ,A1JV50RNL3SEIQDILIP CHAVALI,
176,2022-12-30,1323819,287316390012.0,Parks London,UK,Technical Onboarding Request - New Seller,Completed,2022-05-27,2022-07-27,KEZIA IDIKKULA MUTHALALY,2022-07-01,DSR,2022-05-30,1,1,A12LPR346K4XML,A12LPR346K4XMLKEZIA IDIKKULA MUTHALALY,
177,2022-12-30,1339303,15443700725.0,Outvio OU,UK,Technical Onboarding Request - New Seller,Completed,2022-07-21,2022-11-15,DILIP CHAVALI,2022-07-21,3PD_INTEGRATOR - CID: A2PB9DHVWREFCS,2022-07-21,1,1,A178AZYU978DEW,A178AZYU978DEWDILIP CHAVALI,
178,2022-12-30,1330732,42774420205.0,Dev Shop,US,Technical Onboarding Request - New Seller,Completed,2022-06-20,2022-07-15,INDRA TATIKONDA,2022-06-20,3PD_Integrator,2022-05-01,1,1,A2CE3CB31VGV0Y,A2CE3CB31VGV0YINDRA TATIKONDA,
179,2022-12-30,1253445,11518229305.0,UPS eMA US MWS Test,US,Technical Onboarding Request - New Seller,Completed,2022-01-27,2022-08-23,DILIP CHAVALI,2022-01-21,3PD_INTEGRATOR,2022-01-21,1,1,AUDM91O91RZ6Z,AUDM91O91RZ6ZDILIP CHAVALI,
180,2022-12-30,1330621,11377175025.0,TonersPlus Ltd Price Inc 20% UK VAT,UK,Technical Onboarding Request - New Seller,Completed,2022-06-20,2022-10-31,LIPSA MOHANTY,2022-06-21,DSR,2022-06-21,1,1,A3K5XTICP5MLZJ,A3K5XTICP5MLZJLIPSA MOHANTY,LIPSA MOHANTY
181,2022-12-30,1319117,105377883712.0,ElGanso,ES,Technical Onboarding Request - Reintegration,Completed,2022-05-11,2022-08-08,KEZIA IDIKKULA MUTHALALY,2022-05-19,DSR,2022-05-12,2,1,AY1DPTH4SR537,AY1DPTH4SR537KEZIA IDIKKULA MUTHALALY,KEZIA IDIKKULA MUTHALALY
182,2022-12-30,1356588,7913905322.0,Eiz Pty Ltd,AU,Technical Onboarding Request - New Seller,Completed,2022-09-19,2022-03-31,YASHWANT KOMATI,2022-01-01,3PD_INTEGRATOR,2022-01-01,1,1,A2AAP1ZNM6SPO6,A2AAP1ZNM6SPO6YASHWANT KOMATI,YASHWANT KOMATI
183,2022-12-30,1113268,46761668212.0,Distribuciones UNU España SL,ES,Technical Onboarding Request - Reintegration,Completed,2021-08-31,2022-03-03,PRAKASH JHA,2021-09-06,DSR,2021-09-03,1,1,A33YJAHSGJJ2EL,A33YJAHSGJJ2ELPRAKASH JHA,PRAKASH JHA
184,2022-12-30,1247404,81250502112.0,WINDOW-DECORATIONCOM,UK,Technical Onboarding Request - New Seller,Completed,2022-01-25,2022-07-21,INDRA TATIKONDA,2022-02-25,DSR,2022-01-27,1,1,A1IU3H4OYHAEH2,A1IU3H4OYHAEH2INDRA TATIKONDA,INDRA TATIKONDA
186,2022-12-30,1342892,10496091335.0,Zahnbürsten-kaufen,DE,Technical Onboarding Request - New Seller,Completed,2022-08-03,2022-10-07,LIPSA MOHANTY,2022-08-05,DSR_INTEGRATOR_NL,2022-08-04,1,1,ANP0DEG5ZU0TH,ANP0DEG5ZU0THLIPSA MOHANTY,LIPSA MOHANTY
187,2022-12-30,1273161,66782980622.0,Nitrous Stores,SG,Technical Onboarding Request - New Seller,Completed,2022-02-15,2022-05-20,PRAKASH JHA,2022-02-17,DSR_SG,2022-02-17,1,1,A2744ESYWSP8YT,A2744ESYWSP8YTPRAKASH JHA,
188,2022-12-30,1317493,8136030925.0,INF Company AB,UK,Technical Onboarding Request - New Seller,Completed,2022-05-09,2022-08-10,DILIP CHAVALI,2022-05-18,DSR,2022-05-09,1,1,A12NL0H8GNE1RF,A12NL0H8GNE1RFDILIP CHAVALI,DILIP CHAVALI
189,2022-12-30,1330665,304144935712.0,F.E.T.,IT,Technical Onboarding Request - New Seller,Completed,2022-06-20,2022-09-19,RAJARSHI CHATTERJEE,2022-06-28,DSR,2022-06-21,1,1,A33NHQMUCL1YNW,A33NHQMUCL1YNWRAJARSHI CHATTERJEE,
190,2022-12-30,1319428,21353386325.0,Yorcom,DE,Technical Onboarding Request - New Seller,Completed,2022-05-12,2022-10-18,HARISH GANESAN,2022-05-18,DSR,2022-05-16,1,1,A3TSG2DLZQM7CG,A3TSG2DLZQM7CGHARISH GANESAN,
191,2022-12-30,1347763,93734912912.0,Everdrop,DE,Technical Onboarding Request - New Seller,Completed,2022-08-19,2022-10-10,LIPSA MOHANTY,2022-08-24,DSR,2022-08-24,1,1,A2NHW48FRPTKU3,A2NHW48FRPTKU3LIPSA MOHANTY,
192,2022-12-30,1274731,541204712.0,CosyWood,UK,Technical Onboarding Request - New Seller,Completed,2022-02-21,2022-07-27,FARAH BHAGAT,2022-02-22,DSR,2022-02-22,1,1,A3EFO2RITOT6BV,A3EFO2RITOT6BVFARAH BHAGAT,
193,2022-12-30,1118630,55328141512.0,mercecom,UK,Technical Onboarding Request - New Seller,Completed,2021-09-30,2022-09-14,FARAH BHAGAT,2021-10-06,DSR_INTEGRATOR_PL,2021-09-30,1,1,A3E09UO3ZPU35A,A3E09UO3ZPU35AFARAH BHAGAT,
194,2022-12-30,1124125,235802376112.0,Petness Petshop,ES,Technical Onboarding Request - New Seller,Completed,2021-10-26,2022-03-01,NIVEDITHA PARVATHA,2021-10-29,DSR case,2021-10-27,1,1,A1LA8YY2LQZ6V0,A1LA8YY2LQZ6V0NIVEDITHA PARVATHA,
195,2022-12-30,1314862,49783570512.0,Meigasoft,ES,Technical Onboarding Request - New Seller,Completed,2022-04-28,2022-10-14,INDRA TATIKONDA,2022-05-06,DSR_Integrator,2022-05-06,1,1,A2YBZLGZH3LXA2,A2YBZLGZH3LXA2INDRA TATIKONDA,
196,2022-12-30,1341499,290035432912.0,Qazqa,UK,Technical Onboarding Request - New Seller,Completed,2022-07-29,2022-12-06,PREMALATHA MADDIRALA,2022-07-22,DSR,2022-07-19,1,1,A26PQBQSQFP6QP,A26PQBQSQFP6QPPREMALATHA MADDIRALA,
197,2022-12-30,1311058,7994133512.0,Koberger GmbH,DE,Technical Onboarding Request - New Seller,Completed,2022-04-14,2022-06-07,DILIP CHAVALI,2022-04-26,DSR,2022-04-15,1,1,A3AIPONVKAGDQP,A3AIPONVKAGDQPDILIP CHAVALI,DILIP CHAVALI
200,2022-12-30,1324310,296654201212.0,WAYS DS,NL,Technical Onboarding Request - New Seller,Completed,2022-05-30,2022-12-09,PREMALATHA MADDIRALA,2022-06-09,DSR,2022-05-31,1,1,A2RSB43CG4CFFM,A2RSB43CG4CFFMPREMALATHA MADDIRALA,PREMALATHA MADDIRALA
201,2022-12-30,1089696,105692500012.0,"Quirumed, S.L.",ES,Technical Onboarding Request - New Seller,Completed,2021-04-26,2022-05-27,YASHWANT KOMATI,2022-04-03,DSR,2022-04-03,1,1,A2L49JVDMUIYZY,A2L49JVDMUIYZYYASHWANT KOMATI,
202,2022-12-30,1353759,52864047312.0,Hedef ETicaret,TR,Technical Onboarding Request - Reintegration,Completed,2022-09-08,2022-12-06,RAJARSHI CHATTERJEE,2022-09-20,TR Unmanaged_Developers,2022-09-13,1,1,AH5L8ZS34REFB,AH5L8ZS34REFBRAJARSHI CHATTERJEE,
203,2022-12-30,1335970,26198757012.0,DIA,ES,Technical Onboarding Request - New Seller,Completed,2022-07-08,2022-10-20,PREMALATHA MADDIRALA,2022-07-05,F3_ES,2022-07-11,1,1,A15CLDME19KZL3,A15CLDME19KZL3PREMALATHA MADDIRALA,PREMALATHA MADDIRALA
204,2022-12-30,1334056,311165527812.0,noidìnotte,IT,Technical Onboarding Request - New Seller,Completed,2022-07-01,2022-08-16,LAKSHMI PRATYUSHA VELAMAKANNI,2022-07-05,DSR,2022-07-05,1,1,AU9QYL07T0TSI,AU9QYL07T0TSILAKSHMI PRATYUSHA VELAMAKANNI,
205,2022-12-30,1336895,34355485612.0,PMAnalytics,UK,Technical Onboarding Request - New Seller,Completed,2022-07-12,2022-08-29,PRAKASH JHA,2022-07-12,3pd_integrator_CID:A3RLLSDGZ1APHK,2022-09-15,1,1,A35XZ2GZDVE9T9,A35XZ2GZDVE9T9PRAKASH JHA,
207,2022-12-30,1116004,14524636322.0,Anchanto Australia Branch,AU,Technical Onboarding Request - New Seller,Completed,2021-09-15,2022-04-12,PRAKASH JHA,2021-09-15,DSR_Integrator_SG,2021-09-14,2,1,AT4MDN2GW9V15,AT4MDN2GW9V15PRAKASH JHA,PRAKASH JHA
208,2022-12-30,1109417,101144683.0,SMDV,DE,Technical Onboarding Request - New Seller,Completed,2021-08-10,2022-03-15,FARAH BHAGAT,2021-08-11,DSR-Enhancement,2021-08-10,1,1,A1OWPV6NS18H4O,A1OWPV6NS18H4OFARAH BHAGAT,
209,2022-12-30,1306634,67831773422.0,Elegance Lighting Solutions,AU,Technical Onboarding Request - New Seller,Completed,2022-03-30,2022-12-26,PRAKASH JHA,2022-06-07,DSR,2022-04-11,1,1,A183OR2EH6UDXA,A183OR2EH6UDXAPRAKASH JHA,
210,2022-12-30,1315874,294623344112.0,OnShopModa,ES,Technical Onboarding Request - New Seller,Completed,2022-05-03,2022-07-28,INDRA TATIKONDA,2022-07-22,DSR,2022-05-06,1,1,A2XC6J4VOH21MW,A2XC6J4VOH21MWINDRA TATIKONDA,INDRA TATIKONDA
211,2022-12-30,1273405,14316137025.0,Happy Home Srl,IT,Technical Onboarding Request - New Seller,Completed,2022-02-16,2022-07-21,DILIP CHAVALI,2022-04-29,DSR SP_API_INTEGRATION,2022-04-29,1,1,A389SZCV75GIE0,A389SZCV75GIE0DILIP CHAVALI,
212,2022-12-30,1126751,174564428012.0,the carpet,DE,Technical Onboarding Request - New Seller,Completed,2021-11-09,2022-06-24,NIVEDITHA PARVATHA,2021-11-22,DSR - SP-API Integration,2021-11-12,1,1,A3FE2GFZ04LWX8,A3FE2GFZ04LWX8NIVEDITHA PARVATHA,
213,2022-12-30,1355090,30884409002.0,StarShipIT,US,Technical Onboarding Request - New Seller,Completed,2022-09-14,2022-08-26,YASHWANT KOMATI,2022-07-30,DSR_INTEGRATOR_AES,2022-07-15,1,1,A1BDMSXHCE1XTA,A1BDMSXHCE1XTAYASHWANT KOMATI,
217,2022-12-30,1347768,11689471225.0,Atelier98,IT,Technical Onboarding Request - New Seller,Completed,2022-08-19,2022-11-03,PREMALATHA MADDIRALA,2022-08-15,3PD_INTEGRATOR,2022-08-15,1,1,AMSKFWZA2YPNB,AMSKFWZA2YPNBPREMALATHA MADDIRALA,PREMALATHA MADDIRALA
218,2022-12-30,1342290,18952732812.0,schuhede,DE,Technical Onboarding Request - New Seller,Completed,2022-08-02,2022-08-02,FARAH BHAGAT,2022-07-20,3PD_INTEGRATION,2022-07-20,1,1,A1YZODEMCTG2VZ,A1YZODEMCTG2VZFARAH BHAGAT,FARAH BHAGAT
221,2022-12-30,1075594,153297028312.0,Dream Demostore,UK,Technical Onboarding Request - New Seller,Completed,2021-03-10,2022-09-12,FARAH BHAGAT,2021-04-27,DSR_INTEGRATOR_SE,2021-03-19,1,1,A1QT3I18HOQ3KA,A1QT3I18HOQ3KAFARAH BHAGAT,FARAH BHAGAT
222,2022-12-30,1333961,480071648302.0,UKRPOSHTA,UK,Technical Onboarding Request - New Seller,Completed,2022-07-01,2022-11-04,FARAH BHAGAT,2022-08-08,DSR,2022-07-01,1,1,A238R9CLIBCBFV,A238R9CLIBCBFVFARAH BHAGAT,FARAH BHAGAT
223,2022-12-30,1339055,452889472702.0,Tech Dynamic Pte Ltd,SG,Technical Onboarding Request - New Seller,Completed,2022-07-21,2022-11-24,PRAKASH JHA,2022-07-25,DSR-SG,2022-07-21,1,1,A1WP3AB985ME0F,A1WP3AB985ME0FPRAKASH JHA,
224,2022-12-30,1310952,47653593712.0,EXPANDO global,UK,Technical Onboarding Request - New Seller,Completed,2022-04-14,2022-07-01,PREMALATHA MADDIRALA,2022-04-11,3PD_INTEGRATOR,2022-04-11,1,1,A3SX4EZ697UU4V,A3SX4EZ697UU4VPREMALATHA MADDIRALA,
225,2022-12-30,1342736,130883771412.0,Samurai Seller EU,UK,Technical Onboarding Request - New Seller,Completed,2022-08-02,2022-10-06,LAKSHMI PRATYUSHA VELAMAKANNI,2022-08-04,3PD_INTEGRATOR CID : A3W59EOJ6IYJ0W,2022-07-12,1,1,ARNXZWL8T9YW8,ARNXZWL8T9YW8LAKSHMI PRATYUSHA VELAMAKANNI,
226,2022-12-30,1343073,166253557512.0,GGG & partners,IT,Technical Onboarding Request - New Seller,Completed,2022-08-03,2022-12-13,LAKSHMI PRATYUSHA VELAMAKANNI,2022-08-29,3PD_INTEGRATOR,2022-07-29,1,1,A2MKFAR3T066TV,A2MKFAR3T066TVLAKSHMI PRATYUSHA VELAMAKANNI,LAKSHMI PRATYUSHA VELAMAKANNI
227,2022-12-30,1140029,57732209412.0,Morrisons,UK,Technical Onboarding Request - Reintegration,Completed,2022-01-13,2022-06-21,NIVEDITHA PARVATHA,2022-02-03,F3_UK_MCID-A2JY937J4M2YC9,2022-01-13,1,1,ALZ8JD7G4V266,ALZ8JD7G4V266NIVEDITHA PARVATHA,NIVEDITHA PARVATHA
228,2022-12-30,1335868,2016272841.0,Maropost Commerce Cloud US,US,Technical Onboarding Request - New Seller,Completed,2022-07-08,2022-10-28,RAJARSHI CHATTERJEE,2022-05-25,DSR_INTEGRATOR,2022-05-19,1,1,AQ0RK7V866XEV,AQ0RK7V866XEVRAJARSHI CHATTERJEE,
229,2022-12-30,1121866,94584022512.0,Desertcart AE,AE,Technical Onboarding Request - New Seller,Completed,2021-10-14,2022-03-31,YASHWANT KOMATI,2021-10-20,DSR,2021-10-18,1,1,A1MDZGJMJFIZAC,A1MDZGJMJFIZACYASHWANT KOMATI,YASHWANT KOMATI
230,2022-12-30,1135642,266231763912.0,Holiy,EG,Technical Onboarding Request - New Seller,Completed,2021-12-20,2022-05-05,PRAKASH JHA,2021-12-21,DSR - EG,2021-12-21,1,1,ACRJ3U877ESTA,ACRJ3U877ESTAPRAKASH JHA,
231,2022-12-30,1388083,6221240112.0,MOSH E-COM Services Pvt Ltd,IN,Technical Onboarding Request - New Seller,Completed,2022-12-29,2022-11-09,PRAKASH JHA,,,2022-09-23,1,1,A18FN31P1MJ6DC,A18FN31P1MJ6DCPRAKASH JHA,PRAKASH JHA
232,2022-12-30,1302407,128464282.0,DreamRobot GmbH,DE,Technical Onboarding Request - New Seller,Completed,2022-03-16,2022-07-21,DILIP CHAVALI,2022-03-16,3PD_INTEGRATOR,2022-03-16,1,1,A1183872A6JCJF,A1183872A6JCJFDILIP CHAVALI,DILIP CHAVALI
233,2022-12-30,1342713,79298551012.0,Iziflux,UK,Technical Onboarding Request - New Seller,Completed,2022-08-02,2022-09-30,LAKSHMI PRATYUSHA VELAMAKANNI,2022-08-02,3PD_INTEGRATOR,2022-07-12,1,1,AT5UMSY5LK7VU,AT5UMSY5LK7VULAKSHMI PRATYUSHA VELAMAKANNI,
234,2022-12-30,1128610,257000815612.0,PELLONI SRL,IT,Technical Onboarding Request - New Seller,Completed,2021-11-17,2022-05-06,DILIP CHAVALI,2021-11-29,DSR SP_API_INTEGRATION,2021-11-24,1,1,AKRTN0LTSF0AR,AKRTN0LTSF0ARDILIP CHAVALI,
235,2022-12-30,1312008,187921749412.0,Benza nl,NL,Technical Onboarding Request - New Seller,Completed,2022-04-19,2022-07-22,PREMALATHA MADDIRALA,2022-05-10,APPSTORE PUSH,2022-04-21,1,1,AQDV67IWXENF4,AQDV67IWXENF4PREMALATHA MADDIRALA,
236,2022-12-30,1344048,23082334815.0,Nurtured By Nature Foods,US,Technical Onboarding Request - Reintegration,Completed,2022-08-08,2022-10-10,DILIP CHAVALI,2022-07-01,3PD_integrator - AMPS- CID:A1QYVY4PWJFVAP,2022-07-01,1,1,A1QYVY4PWJFVAP,A1QYVY4PWJFVAPDILIP CHAVALI,
237,2022-12-30,1345215,62876159312.0,Becken & Tech,ES,Technical Onboarding Request - New Seller,Completed,2022-08-11,2022-12-08,PREMALATHA MADDIRALA,2022-08-22,DSR,2022-08-12,1,1,A2IYI9JH1MK7Z0,A2IYI9JH1MK7Z0PREMALATHA MADDIRALA,
238,2022-12-30,1333954,318241316412.0,ShopforToys,NL,Technical Onboarding Request - New Seller,Completed,2022-07-01,2022-08-16,LAKSHMI PRATYUSHA VELAMAKANNI,2022-08-04,DSR,2022-07-05,1,1,A1R5U6BGCYW83Q,A1R5U6BGCYW83QLAKSHMI PRATYUSHA VELAMAKANNI,
240,2022-12-30,1317078,38344420202.0,Extenship,US,Technical Onboarding Request - New Seller,Completed,2022-05-06,2022-05-06,NIVEDITHA PARVATHA,2021-09-07,3PD_integrator,2021-09-07,1,1,A2KJBDNYTBJT76,A2KJBDNYTBJT76NIVEDITHA PARVATHA,NIVEDITHA PARVATHA
241,2022-12-30,1123220,230456789612.0,Distrelec Deutschland GmbH,DE,Listing Creation;Technical Onboarding Request - New Seller,Completed,2021-10-21,2022-08-03,INDRA TATIKONDA,2021-12-13,DSR,2021-11-03,1,1,A27MKP2T747TTX,A27MKP2T747TTXINDRA TATIKONDA,
242,2022-12-30,1337728,136061973712.0,MrPackage,NL,Technical Onboarding Request - Reintegration,Completed,2022-07-15,2022-12-26,YASHWANT KOMATI,2022-08-01,DSR,2022-07-21,1,1,A3OQXH0MS63KO5,A3OQXH0MS63KO5YASHWANT KOMATI,
243,2022-12-30,1308907,9543275735.0,Kewayes,ES,Technical Onboarding Request - New Seller,Completed,2022-04-06,2022-06-23,NIVEDITHA PARVATHA,2022-04-11,DSR- SP-API Integration,2022-04-11,2,1,A3PF9ZHKXI6D4A,A3PF9ZHKXI6D4ANIVEDITHA PARVATHA,NIVEDITHA PARVATHA
245,2022-12-30,1360720,84964056612.0,FUTURITI,UK,Technical Onboarding Request - New Seller,Completed,2022-10-04,2022-10-26,LIPSA MOHANTY,2022-10-05,DSR_INTEGRATOR_PL,2022-10-04,1,1,A3PVLBH4IG73H5,A3PVLBH4IG73H5LIPSA MOHANTY,LIPSA MOHANTY
246,2022-12-30,1330686,301614692212.0,Multitools Group,NL,Technical Onboarding Request - New Seller,Completed,2022-06-20,2022-07-20,LIPSA MOHANTY,2022-06-21,DSR_INTEGRATOR_NL,2022-06-21,1,1,AEQA55QB36A9,AEQA55QB36A9LIPSA MOHANTY,
247,2022-12-30,1349020,87858985612.0,MyParcel,NL,Technical Onboarding Request - New Seller,Completed,2022-08-25,2022-12-09,PREMALATHA MADDIRALA,2022-07-11,3PD_INTEGRATOR,2022-08-11,1,1,A30TT07CMTODSQ,A30TT07CMTODSQPREMALATHA MADDIRALA,
248,2022-12-30,1266245,4805297722.0,BoutiqueRetailer,AU,Technical Onboarding Request - New Seller,Completed,2022-01-31,2022-02-23,YASHWANT KOMATI,2021-12-13,SMART_CONNECT_AU,2021-12-13,1,1,A19M3BMK3TQ0ZC,A19M3BMK3TQ0ZCYASHWANT KOMATI,YASHWANT KOMATI
249,2022-12-30,1371781,348245327212.0,Co-op,UK,Technical Onboarding Request - New Seller,Completed,2022-11-03,2022-11-22,LIPSA MOHANTY,2022-11-03,DSR,2022-11-03,1,1,A3KULWWLIZR2VF,A3KULWWLIZR2VFLIPSA MOHANTY,
250,2022-12-30,1141120,223718511812.0,XME Dindi - INTESA SANPAOLO,IT,Technical Onboarding Request - New Seller,Completed,2022-01-18,2022-05-11,DILIP CHAVALI,2021-12-28,SP_API_INTEGRATION,2022-01-24,1,1,AU5VOTHVIH270,AU5VOTHVIH270DILIP CHAVALI,DILIP CHAVALI
251,2022-12-30,1345271,4800815022.0,Gameology,AU,Technical Onboarding Request - New Seller,Completed,2022-08-12,2022-11-25,NIVEDITHA PARVATHA,2022-07-07,SMART_CONNECT_AU,2022-07-07,1,1,A6NW9AZEZ3R9X,A6NW9AZEZ3R9XNIVEDITHA PARVATHA,
253,2022-12-30,1339416,40593814212.0,ERGO Direkt AG,UK,Technical Onboarding Request - Reintegration,Completed,2022-07-22,2022-07-22,INDRA TATIKONDA,2022-05-12,Insurance_DE,2022-05-12,2,1,A23LFKWJ5HHDUU,A23LFKWJ5HHDUUINDRA TATIKONDA,INDRA TATIKONDA
254,2022-12-30,1312361,104088161912.0,SAM boards,DE,Technical Onboarding Request - Reintegration,Completed,2022-04-20,2022-11-01,NIVEDITHA PARVATHA,2022-04-27,DSR case,2022-04-22,1,1,A2QS9GWDTJQD2S,A2QS9GWDTJQD2SNIVEDITHA PARVATHA,
255,2022-12-30,1336906,8036795405.0,Beezup US Test,US,Technical Onboarding Request - New Seller,Completed,2022-07-12,2022-07-12,PRAKASH JHA,2022-07-12,3PD_Integrator_CID:A36R4UMUIG4ZJ6,2022-07-12,1,1,A36R4UMUIG4ZJ6,A36R4UMUIG4ZJ6PRAKASH JHA,PRAKASH JHA
256,2022-12-30,1340754,11911128825.0,synesty,DE,Technical Onboarding Request - New Seller,Completed,2022-07-27,2022-09-13,KEZIA IDIKKULA MUTHALALY,2022-07-27,3PD_INTEGRATOR,2022-09-30,1,1,A3AMKGIY9AE04O,A3AMKGIY9AE04OKEZIA IDIKKULA MUTHALALY,KEZIA IDIKKULA MUTHALALY
257,2022-12-30,1130560,129253646602.0,SIKSILK,UK,Technical Onboarding Request - New Seller,Completed,2021-11-25,2022-02-04,DILIP CHAVALI,2021-12-08,SP_API_INTEGRATION,2021-12-06,1,1,A9CQCX79JI3O3,A9CQCX79JI3O3DILIP CHAVALI,
258,2022-12-30,1097130,6795682.0,Reliant Direct,UK,Technical Onboarding Request - New Seller,Completed,2021-06-03,2022-05-16,FARAH BHAGAT,2021-01-04,SMART_CONNECT_EU,2021-06-08,1,1,A2CN43WDI0AWCL,A2CN43WDI0AWCLFARAH BHAGAT,
259,2022-12-30,1342968,666435462.0,w+h GmbH,DE,Technical Onboarding Request - New Seller,Completed,2022-08-03,2022-12-05,YASHWANT KOMATI,2022-10-31,3PD_Integrator,2022-10-31,1,1,A2AHK9LRNDOUN7,A2AHK9LRNDOUN7YASHWANT KOMATI,
260,2022-12-30,1358629,12876812415.0,FarApp,US,Technical Onboarding Request - New Seller,Completed,2022-09-27,2022-09-27,NIVEDITHA PARVATHA,2022-07-19,3PD case,2022-07-19,1,1,A2CWVSUPLWF07E,A2CWVSUPLWF07ENIVEDITHA PARVATHA,
261,2022-12-30,1271699,30222261512.0,Circunland,ES,Technical Onboarding Request - Reintegration,Completed,2022-02-09,2022-05-11,NIVEDITHA PARVATHA,2022-02-14,DSR case,2022-02-10,1,1,A3QMA0RZFI2QM6,A3QMA0RZFI2QM6NIVEDITHA PARVATHA,
262,2022-12-30,1304887,46661443522.0,Ledger,SG,Technical Onboarding Request - New Seller,Completed,2022-03-24,2022-07-19,INDRA TATIKONDA,2022-04-01,DSR,2022-03-25,1,1,A2VFPESTI9SCH1,A2VFPESTI9SCH1INDRA TATIKONDA,
263,2022-12-30,1117966,17323616612.0,GemschestEU,UK,Technical Onboarding Request - New Seller,Completed,2021-09-27,2022-05-20,DILIP CHAVALI,2021-09-27,"3PD_INTEGRATOR, CID: A1XEMYOCVN4TN8",2021-09-27,1,1,A1RYCXFNDZ3EAV,A1RYCXFNDZ3EAVDILIP CHAVALI,
264,2022-12-30,1342123,26188419012.0,SquareTrade Europe Limited,DE,Technical Onboarding Request - Reintegration,Completed,2022-08-01,2022-07-29,INDRA TATIKONDA,2022-04-26,"Insurance_DE,FR,ES,IT",2022-04-26,1,1,A13CUVHYRP9F3V,A13CUVHYRP9F3VINDRA TATIKONDA,INDRA TATIKONDA
265,2022-12-30,1139759,309921302.0,JTX Fitness,UK,Technical Onboarding Request - New Seller,Completed,2022-01-12,2022-09-09,FARAH BHAGAT,2022-06-22,DSR,2022-01-14,1,1,AE24UM0ME3L3B,AE24UM0ME3L3BFARAH BHAGAT,
266,2022-12-30,1100430,6678954222.0,Unleashed Software AU,AU,Technical Onboarding Request - New Seller,Completed,2021-06-20,2022-07-19,INDRA TATIKONDA,2021-07-21,DSR_INTEGRATOR,2021-06-21,1,1,A1KAUW4HOZCW83,A1KAUW4HOZCW83INDRA TATIKONDA,
267,2022-12-30,1266248,4024312422.0,OZSTOCK,AU,Technical Onboarding Request - New Seller,Completed,2022-01-31,2022-04-13,PRAKASH JHA,2021-12-19,SMART_CONNECT_AU,2022-01-19,1,1,AUE3UT8ERDGYF,AUE3UT8ERDGYFPRAKASH JHA,PRAKASH JHA
268,2022-12-30,1107078,52396770622.0,Watsons,,Technical Onboarding Request - New Seller,Completed,2021-07-27,2022-04-12,PRAKASH JHA,2021-10-04,F3_SG,2021-09-01,1,1,A26ZJDBFZ8LFWB,A26ZJDBFZ8LFWBPRAKASH JHA,
269,2022-12-30,1355370,227170289412.0,CURA of Sweden,UK,Technical Onboarding Request - New Seller,Completed,2022-09-15,2022-12-13,LAKSHMI PRATYUSHA VELAMAKANNI,2022-09-27,DSR,2022-09-15,1,1,ATJCOT1K69ZS6,ATJCOT1K69ZS6LAKSHMI PRATYUSHA VELAMAKANNI,
270,2022-12-30,1349661,314245657812.0,Online Productos Market,ES,Listing Creation + Upload;Technical Onboarding Request - New Seller,Completed,2022-08-26,2022-10-03,RAJARSHI CHATTERJEE,2022-09-07,DSR,2022-08-30,1,1,A10DOIOU3QMCLH,A10DOIOU3QMCLHRAJARSHI CHATTERJEE,
271,2022-12-30,1338107,41606212715.0,Marketphase,UK,Technical Onboarding Request - New Seller,Completed,2022-07-18,2022-11-10,KEZIA IDIKKULA MUTHALALY,2022-07-18,3PD_INTEGRATOR,2022-07-12,1,1,A2BBOSQSQLG5PU,A2BBOSQSQLG5PUKEZIA IDIKKULA MUTHALALY,
272,2022-12-30,1335857,314245657812.0,Online Productos Market,ES,Technical Onboarding Request - New Seller,Completed,2022-07-08,2022-08-04,LAKSHMI PRATYUSHA VELAMAKANNI,2022-07-11,DSR,2022-07-11,2,1,A10DOIOU3QMCLH,A10DOIOU3QMCLHLAKSHMI PRATYUSHA VELAMAKANNI,
273,2022-12-30,1304698,7076722025.0,Yahee365,DE,Technical Onboarding Request - New Seller,Completed,2022-03-23,2022-09-02,DILIP CHAVALI,2022-03-23,SMART_CONNECT_EU,2022-03-23,1,1,A2EE3XIT7D4VDH,A2EE3XIT7D4VDHDILIP CHAVALI,DILIP CHAVALI
274,2022-12-30,1323665,264179735812.0,Christopher Kane EU,UK,Technical Onboarding Request - New Seller,Completed,2022-05-26,2022-06-15,YASHWANT KOMATI,2022-05-27,BRAND_OWNER--MCID: A45WGWJYWNE5C,2022-05-27,1,1,A3QO5UC2203QP9,A3QO5UC2203QP9YASHWANT KOMATI,YASHWANT KOMATI
275,2022-12-30,1322516,285235968212.0,VIGANO' CALZATURE,IT,Technical Onboarding Request - New Seller,Completed,2022-05-23,2022-06-10,HARISH GANESAN,2022-05-25,DSR,2022-05-24,2,1,A2RD6F1WTGO3W,A2RD6F1WTGO3WHARISH GANESAN,HARISH GANESAN
276,2022-12-30,1375437,286164397912.0,ICECAT,NL,Technical Onboarding Request - New Seller,Completed,2022-11-16,2022-12-16,PRAKASH JHA,2022-12-10,DSR-SG,2022-11-16,1,1,A25EZMFAGMCJMN,A25EZMFAGMCJMNPRAKASH JHA,
277,2022-12-30,1309952,18507464212.0,FL Digital Markets,ES,Technical Onboarding Request - New Seller,Completed,2022-04-11,2022-07-28,INDRA TATIKONDA,2022-07-22,DSR,2022-04-15,1,1,A1AM89WFJ5KXNQ,A1AM89WFJ5KXNQINDRA TATIKONDA,INDRA TATIKONDA
278,2022-12-30,1323666,263242392912.0,Boglioli_EUR,UK,Technical Onboarding Request - New Seller,Completed,2022-05-26,2022-05-27,YASHWANT KOMATI,2022-06-10,BRAND_OWNER,2022-05-27,1,1,A2YXFJR7OLO0KI,A2YXFJR7OLO0KIYASHWANT KOMATI,YASHWANT KOMATI
279,2022-12-30,1358971,243490047612.0,ALZURA Connect DE,DE,Technical Onboarding Request - New Seller,Completed,2022-09-28,2022-03-31,YASHWANT KOMATI,2021-10-12,DSR_INTEGRATOR,2021-10-04,1,1,A3PGSRPIY7PPUO,A3PGSRPIY7PPUOYASHWANT KOMATI,YASHWANT KOMATI
280,2022-12-30,1340723,272765593212.0,X-Cite,SA,Technical Onboarding Request - New Seller,Completed,2022-07-27,2022-10-17,YASHWANT KOMATI,2022-07-07,DSR,2022-07-27,1,1,A33X07ILLE8VWE,A33X07ILLE8VWEYASHWANT KOMATI,
281,2022-12-30,1340000,237455238712.0,PUMA UK,UK,Technical Onboarding Request - New Seller,Completed,2022-07-25,2022-12-07,PREMALATHA MADDIRALA,2022-07-19,DSR,2022-07-25,1,1,AY83AIQ8M876Q,AY83AIQ8M876QPREMALATHA MADDIRALA,PREMALATHA MADDIRALA
283,2022-12-30,1321851,263963866112.0,Paint Orange,UK,Technical Onboarding Request - New Seller,Completed,2022-05-20,2022-10-19,HARISH GANESAN,2022-05-25,DSR_Integrator,2022-05-20,1,1,A3PNJAV4CVI5V1,A3PNJAV4CVI5V1HARISH GANESAN,HARISH GANESAN
284,2022-12-30,1301756,33546459212.0,RevolutionRace,DE,Technical Onboarding Request - New Seller,Completed,2022-03-14,2022-06-20,PRAKASH JHA,2022-03-23,DSR_NL,2022-03-16,2,1,A3S6865PM5WZLC,A3S6865PM5WZLCPRAKASH JHA,
285,2022-12-30,1338778,13724119825.0,rawhealthfood,UK,Technical Onboarding Request - New Seller,Completed,2022-07-20,2022-12-01,DILIP CHAVALI,2022-07-20,3PD_INTEGRATOR CID: A38HCFJ0XGBDLC,2022-07-19,1,1,A2ARJ7D12PBLP5,A2ARJ7D12PBLP5DILIP CHAVALI,DILIP CHAVALI
286,2022-12-30,1342135,285060324112.0,-Speelgoedland.nl-,NL,Technical Onboarding Request - New Seller,Completed,2022-08-01,2022-12-07,PREMALATHA MADDIRALA,2022-08-04,DSR,2022-08-02,1,1,A16123Z3ASXHFN,A16123Z3ASXHFNPREMALATHA MADDIRALA,PREMALATHA MADDIRALA
287,2022-12-30,1304883,58565413922.0,Mind Master,SG,Technical Onboarding Request - New Seller,Completed,2022-03-24,2022-07-22,INDRA TATIKONDA,2022-07-22,DSR_Integrator,2022-03-25,1,1,A1UWEA1NHHUBUB,A1UWEA1NHHUBUBINDRA TATIKONDA,
288,2022-12-30,1115621,6458851005.0,Marius Sprincenatu,IT,Technical Onboarding Request - New Seller,Completed,2021-09-13,2022-09-08,PREMALATHA MADDIRALA,2021-09-13,3PD_INTEGRATOR,2021-09-09,1,1,A1W0H4UL60TM30,A1W0H4UL60TM30PREMALATHA MADDIRALA,PREMALATHA MADDIRALA
289,2022-12-30,1372201,358938364312.0,SONNY BONO,IT,Technical Onboarding Request - New Seller,Completed,2022-11-04,2022-12-13,PRAKASH JHA,2022-11-07,Appstore Push - Magento,2022-11-07,1,1,A30WZHKUZ0XO0D,A30WZHKUZ0XO0DPRAKASH JHA,
290,2022-12-30,1339439,72594730912.0,Webinterpret,FR,Technical Onboarding Request - New Seller,Completed,2022-07-22,2022-07-18,INDRA TATIKONDA,2022-07-01,3PD_Integrator,2022-07-01,1,1,A2CZZHEFXCTLIN,A2CZZHEFXCTLININDRA TATIKONDA,
291,2022-12-30,1139686,369558114802.0,BOSKA,US,Technical Onboarding Request - New Seller,Completed,2022-01-12,2022-06-21,PRAKASH JHA,2022-01-20,DSR,2022-01-19,1,1,AOQ1J6BU3DK8U,AOQ1J6BU3DK8UPRAKASH JHA,
292,2022-12-30,1363407,294684875812.0,Perfume'sClub,ES,Technical Onboarding Request - New Seller,Completed,2022-10-13,2022-10-13,NIVEDITHA PARVATHA,2022-05-13,DSR case,2022-05-13,1,1,AHPHJM2BAOTLC,AHPHJM2BAOTLCNIVEDITHA PARVATHA,
294,2022-12-30,1320996,14524636322.0,Anchanto Australia Branch,AU,Technical Onboarding Request - Reintegration,Completed,2022-05-18,2022-12-22,PRAKASH JHA,2022-05-18,DSR_Integrator_SG,2022-05-18,1,1,AT4MDN2GW9V15,AT4MDN2GW9V15PRAKASH JHA,PRAKASH JHA
295,2022-12-30,1381711,235595432.0,deltrashopping,DE,Technical Onboarding Request - New Seller,Completed,2022-12-05,2022-11-20,YASHWANT KOMATI,2022-09-01,3PD_INTEGRATOR,2022-09-01,1,1,A128CR1SPKD8HO,A128CR1SPKD8HOYASHWANT KOMATI,YASHWANT KOMATI
296,2022-12-30,1327604,30663629812.0,SellYourApple,FR,Technical Onboarding Request - New Seller,Completed,2022-06-10,2022-09-28,RAJARSHI CHATTERJEE,2022-06-16,DSR,2022-06-13,1,1,A32HJ3JX90ANJG,A32HJ3JX90ANJGRAJARSHI CHATTERJEE,RAJARSHI CHATTERJEE
297,2022-12-30,1314228,279093802312.0,COLORIFICIO ON LINE,IT,Technical Onboarding Request - New Seller,Completed,2022-04-26,2022-08-22,PREMALATHA MADDIRALA,2022-05-03,DSR,2022-04-26,1,1,A12QPQ1JN344YE,A12QPQ1JN344YEPREMALATHA MADDIRALA,PREMALATHA MADDIRALA
298,2022-12-30,1330711,276551906112.0,Atmosphera Casika,ES,Technical Onboarding Request - New Seller,Completed,2022-06-20,2022-11-14,KEZIA IDIKKULA MUTHALALY,2022-06-27,DSR,2022-06-22,1,1,A3FYZGVL9EYGGB,A3FYZGVL9EYGGBKEZIA IDIKKULA MUTHALALY,
299,2022-12-30,1117474,207524897612.0,Sumiko Stationery LLC,AE,Technical Onboarding Request - New Seller,Completed,2021-09-23,2022-02-10,DILIP CHAVALI,2021-09-27,DSR,2021-09-24,1,1,A247CRHNWWXVBD,A247CRHNWWXVBDDILIP CHAVALI,
300,2022-12-30,1136126,242924899812.0,The Crazy Home ITALY,IT,Technical Onboarding Request - Reintegration,Completed,2021-12-22,2022-02-25,DILIP CHAVALI,2022-02-02,DSR,2021-12-31,1,1,A2RICJ9G9YCIOP,A2RICJ9G9YCIOPDILIP CHAVALI,DILIP CHAVALI
301,2022-12-30,1338256,780414443.0,evendo,DE,Technical Onboarding Request - New Seller,Completed,2022-07-18,2022-12-05,LAKSHMI PRATYUSHA VELAMAKANNI,2022-08-02,3PD_INTEGRATOR,2022-07-12,1,1,A3B97HLI12Y93M,A3B97HLI12Y93MLAKSHMI PRATYUSHA VELAMAKANNI,LAKSHMI PRATYUSHA VELAMAKANNI
302,2022-12-30,1342115,295872073812.0,LuLu,AE,Technical Onboarding Request - New Seller,Completed,2022-08-01,2022-12-09,INDRA TATIKONDA,2022-08-01,F3_AE,2022-05-01,1,1,A255VJ51WOUTZK,A255VJ51WOUTZKINDRA TATIKONDA,
303,2022-12-30,1352478,70154994312.0,Officedeals,DE,Technical Onboarding Request - Reintegration,Completed,2022-09-05,2022-11-14,HARISH GANESAN,2022-09-07,DSR,2022-09-06,1,1,AZZK0D01J5S2V,AZZK0D01J5S2VHARISH GANESAN,
304,2022-12-30,1340725,14104803325.0,XentralERPSoftwareGmbH,DE,Technical Onboarding Request - New Seller,Completed,2022-07-27,2022-06-15,PRAKASH JHA,2022-01-24,3PD_Integrator,2022-07-27,1,1,A1U7A2UL529O4U,A1U7A2UL529O4UPRAKASH JHA,
305,2022-12-30,1381082,175501272912.0,Sopyo,TR,Technical Onboarding Request - New Seller,Completed,2022-12-01,2022-12-14,LIPSA MOHANTY,2022-12-02,TR Unmanaged_Developers,2022-12-02,1,1,A34VNT6X9Y87HP,A34VNT6X9Y87HPLIPSA MOHANTY,
306,2022-12-30,1330552,280355425112.0,MEUBLES MACABANE,FR,Technical Onboarding Request - New Seller,Completed,2022-06-20,2022-07-25,RAJARSHI CHATTERJEE,2022-07-01,DSR,2022-06-21,1,1,A35X16M98YG8D2,A35X16M98YG8D2RAJARSHI CHATTERJEE,
